"","Run","Happy.Type","Yard.Difference","Neighbor.Distance","Step.Number","global_moran","moran_p","global_mantel","mantel_p"
"1",1,"equal-or-greater",0,1,99,"0.140221566274255","0",0.101666689495395,0.001
"2",2,"equal-or-greater",0,1,99,"0.111662103384927","0",0.0467970088859344,0.001
"3",3,"equal-or-greater",0,1,99,"0.162974101311989","0",0.0904033814350394,0.001
"4",4,"equal-or-greater",0,1,99,"0.212381740185661","0",0.0991288253393155,0.001
"5",5,"equal-or-greater",0,1,99,"0.180357150878957","0",0.0575650744994989,0.001
"6",6,"equal-or-greater",0,1,99,"0.110430134359859","0",0.0731670105990859,0.001
"7",7,"equal-or-greater",0,1,99,"0.1395981071496","0",0.103999679680256,0.001
"8",8,"equal-or-greater",0,1,99,"0.134512999644836","0",0.0298533019141138,0.001
"9",9,"equal-or-greater",0,1,99,"0.109088588920548","0",0.0840862977009189,0.001
"10",10,"equal-or-greater",0,1,99,"0.173212579062349","0",0.0658445195246406,0.001
"11",11,"equal-or-greater",0,3,99,"0.243621026011258","0",0.0885427601953475,0.001
"12",12,"equal-or-greater",0,3,99,"0.149796766214709","0",0.0768765915108944,0.001
"13",13,"equal-or-greater",0,3,99,"0.149075660143915","0",0.0235080605751047,0.001
"14",14,"equal-or-greater",0,3,99,"0.106821708702598","0",0.0704735694533243,0.001
"15",15,"equal-or-greater",0,3,99,"0.157099671444843","0",0.0628200169437205,0.001
"16",16,"equal-or-greater",0,3,99,"0.253590035126137","0",0.0688101359599851,0.001
"17",17,"equal-or-greater",0,3,99,"0.141397780244308","0",0.0560503701016906,0.001
"18",18,"equal-or-greater",0,3,99,"0.25623657266922","0",0.100175613924902,0.001
"19",19,"equal-or-greater",0,3,99,"0.22442360216227","0",0.0852813993963791,0.001
"20",20,"equal-or-greater",0,3,99,"0.1981287508145","0",0.110566271975481,0.001
"21",21,"equal-or-greater",0,6,99,"0.0953729080690407","0",0.0552656131079122,0.001
"22",22,"equal-or-greater",0,6,99,"0.112341558167631","0",0.0449031654355844,0.001
"23",23,"equal-or-greater",0,6,99,"0.160012196349098","0",0.0559634552946577,0.001
"24",24,"equal-or-greater",0,6,99,"0.30722109569241","0",0.0990632383694151,0.001
"25",25,"equal-or-greater",0,6,99,"0.202401838763587","0",0.0415394708315786,0.001
"26",26,"equal-or-greater",0,6,99,"0.0694986257640071","0",0.0357407068811307,0.001
"27",27,"equal-or-greater",0,6,99,"0.113221602119451","0",0.0386032942619789,0.001
"28",28,"equal-or-greater",0,6,99,"0.0449587043274297","0",0.0441329516043339,0.001
"29",29,"equal-or-greater",0,6,93,"0.000634028316626472","0.000146542287466023",0.0521229248886977,0.001
"30",30,"equal-or-greater",0,6,99,"0.0196904139945168","0",0.0306487060668686,0.001
"31",31,"equal-or-greater",0,9,99,"0.0622681420382741","0",0.0595028481192571,0.001
"32",32,"equal-or-greater",0,9,58,"7.81085090226354e-05","0.357321121856319",0.0305574570628323,0.001
"33",33,"equal-or-greater",0,9,79,"0.000239286443380375","0.0794638421399751",0.0459960721842228,0.001
"34",34,"equal-or-greater",0,9,86,"-0.000311630419068428","0.272409991464177",0.0311552189343967,0.001
"35",35,"equal-or-greater",0,9,73,"-0.000231150058542194","0.498065500114881",0.0370709368029001,0.001
"36",36,"equal-or-greater",0,9,61,"-4.04977049059573e-05","0.757743134323243",0.0404600697381821,0.001
"37",37,"equal-or-greater",0,9,90,"-6.74556412423121e-06","0.628549479369837",0.0351738412779712,0.001
"38",38,"equal-or-greater",0,9,60,"-0.000282570664343206","0.345465896259225",0.033640941632051,0.001
"39",39,"equal-or-greater",0,9,83,"-0.000347560138705555","0.201013078658198",0.0432790082086535,0.001
"40",40,"equal-or-greater",0,9,77,"-0.000240883488164216","0.465941388686051",0.0381206125969791,0.001
"41",41,"equal-or-greater",0,12,30,"-0.000209274935553144","0.571773645168526",0.0273426073833815,0.001
"42",42,"equal-or-greater",0,12,32,"-0.000121738130122003","0.91086950976879",0.0392348224957123,0.001
"43",43,"equal-or-greater",0,12,45,"-0.00036769756737141","0.167024086385354",0.0616806670310234,0.001
"44",44,"equal-or-greater",0,12,35,"-0.000422669474974281","0.0961601302423212",0.0469951330797802,0.001
"45",45,"equal-or-greater",0,12,32,"-3.50124285715389e-05","0.737068575458968",0.0305140210391378,0.001
"46",46,"equal-or-greater",0,12,40,"-0.000116634386223238","0.931639225743175",0.0154093319726598,0.001
"47",47,"equal-or-greater",0,12,49,"-0.000174736321984048","0.699486337637603",0.0118685722907111,0.003
"48",48,"equal-or-greater",0,12,34,"-0.000491651672020536","0.0434940592408056",0.0260967852616182,0.001
"49",49,"equal-or-greater",0,12,99,"0.0679003872691267","0",0.0446367950556738,0.001
"50",50,"equal-or-greater",0,12,65,"-0.000231321616916634","0.497653623177652",0.0150859248626264,0.002
"51",51,"equal-or-greater",1,1,28,"0.0169261176268868","0",0.0217718712351087,0.001
"52",52,"equal-or-greater",1,1,35,"0.017913495828201","0",0.0121403889677017,0.001
"53",53,"equal-or-greater",1,1,29,"0.0168860824130689","0",0.0337031758011731,0.001
"54",54,"equal-or-greater",1,1,33,"0.0191557692812914","0",0.00792723341862424,0.012
"55",55,"equal-or-greater",1,1,29,"0.0189149253256604","0",0.0096062831462287,0.003
"56",56,"equal-or-greater",1,1,29,"0.0159380741054423","0",0.0107594387269766,0.001
"57",57,"equal-or-greater",1,1,26,"0.0198656209926102","0",0.016285597787706,0.001
"58",58,"equal-or-greater",1,1,30,"0.020215462771563","0",0.00166361077680393,0.322
"59",59,"equal-or-greater",1,1,27,"0.016220875869531","0",-0.0052078173863366,0.937
"60",60,"equal-or-greater",1,1,34,"0.0218637711188865","0",0.0174897987901968,0.001
"61",61,"equal-or-greater",1,3,31,"0.024384273786","0",0.0212300633688755,0.001
"62",62,"equal-or-greater",1,3,36,"0.016388720855283","0",0.0269896909677677,0.001
"63",63,"equal-or-greater",1,3,33,"0.0202855865793829","0",0.00136899668065731,0.364
"64",64,"equal-or-greater",1,3,27,"0.0212920148211327","0",0.0100377951908151,0.01
"65",65,"equal-or-greater",1,3,38,"0.0173763768801468","0",0.0231690845264383,0.001
"66",66,"equal-or-greater",1,3,36,"0.0178759941705435","0",0.0137537384574237,0.002
"67",67,"equal-or-greater",1,3,36,"0.0144622374012923","0",0.0129992830489409,0.002
"68",68,"equal-or-greater",1,3,29,"0.0188788942765168","0",0.0125530032193582,0.003
"69",69,"equal-or-greater",1,3,33,"0.0144935016365409","0",0.0108043816345331,0.004
"70",70,"equal-or-greater",1,3,33,"0.0196555865314287","0",0.0269694152675119,0.001
"71",71,"equal-or-greater",1,6,45,"0.00881673221306454","0",0.0244284068403876,0.001
"72",72,"equal-or-greater",1,6,42,"0.00972298418095608","0",0.0217320584491768,0.001
"73",73,"equal-or-greater",1,6,34,"0.00873257486687","0",-0.00355026562074867,0.773
"74",74,"equal-or-greater",1,6,35,"0.0116786637653137","0",-0.000464643166795793,0.537
"75",75,"equal-or-greater",1,6,32,"0.0112087039214976","0",0.0102398550093545,0.009
"76",76,"equal-or-greater",1,6,52,"0.0126004152063843","0",0.0142452243648528,0.002
"77",77,"equal-or-greater",1,6,43,"0.0090313275031327","0",0.00470522330239263,0.146
"78",78,"equal-or-greater",1,6,31,"0.007938751500834","0",0.00728393910841735,0.057
"79",79,"equal-or-greater",1,6,70,"0.0149665540707129","0",0.019596337426287,0.001
"80",80,"equal-or-greater",1,6,30,"0.0080097602045989","0",0.0230522006645361,0.001
"81",81,"equal-or-greater",1,9,38,"0.00725426433114113","0",0.0174384658940455,0.001
"82",82,"equal-or-greater",1,9,33,"0.00178510144584013","0",0.00929769961087108,0.02
"83",83,"equal-or-greater",1,9,48,"0.00600819454732462","0",0.0093803468856478,0.024
"84",84,"equal-or-greater",1,9,38,"0.00193402896000788","0",0.00601977784906641,0.075
"85",85,"equal-or-greater",1,9,39,"0.00429790621112324","0",0.0156138399711413,0.001
"86",86,"equal-or-greater",1,9,40,"0.000483859324357295","0.00269225526583394",0.0161159016194556,0.001
"87",87,"equal-or-greater",1,9,34,"0.010047514218472","0",-0.00174530980331763,0.656
"88",88,"equal-or-greater",1,9,29,"0.0102559946355669","0",0.0139952760446735,0.003
"89",89,"equal-or-greater",1,9,34,"0.00433136989454518","0",0.0154172202226027,0.001
"90",90,"equal-or-greater",1,9,45,"0.00800870839622167","0",0.00317981919025624,0.232
"91",91,"equal-or-greater",1,12,29,"0.00254695484798985","0",0.0110786524880044,0.005
"92",92,"equal-or-greater",1,12,26,"-0.000285583796149568","0.34040710090944",0.0114578769754236,0.008
"93",93,"equal-or-greater",1,12,45,"0.00301521703441974","0",0.00357279057132473,0.211
"94",94,"equal-or-greater",1,12,36,"0.00293502438301339","0",0.00908066251475641,0.022
"95",95,"equal-or-greater",1,12,49,"0.00210276908935772","0",0.0130544892711033,0.002
"96",96,"equal-or-greater",1,12,69,"0.00154809881641432","0",0.00271249863969001,0.241
"97",97,"equal-or-greater",1,12,36,"-0.000387693333723283","0.139240604537855",0.000558233359912347,0.448
"98",98,"equal-or-greater",1,12,44,"0.00595487623997488","0",0.0100628163722013,0.015
"99",99,"equal-or-greater",1,12,40,"0.0074641322928426","0",0.0131761430461518,0.002
"100",100,"equal-or-greater",1,12,53,"0.00283742312464396","0",0.0169766305810352,0.001
"101",101,"equal-or-greater",2,1,24,"0.00900788368653623","0",0.00404195633958233,0.1
"102",102,"equal-or-greater",2,1,25,"0.00948160073323219","0",0.00308898159473138,0.139
"103",103,"equal-or-greater",2,1,21,"0.0080480726679291","0",-0.010028670710547,1
"104",104,"equal-or-greater",2,1,21,"0.0101710272454346","0",-0.00202480118914153,0.737
"105",105,"equal-or-greater",2,1,19,"0.00775078002225726","0",0.00972381793204242,0.002
"106",106,"equal-or-greater",2,1,24,"0.00877105774845287","0",0.012239681487659,0.001
"107",107,"equal-or-greater",2,1,29,"0.00936586936764436","0",0.0109897351293949,0.001
"108",108,"equal-or-greater",2,1,22,"0.0091475783473921","0",-0.00664533387905338,0.988
"109",109,"equal-or-greater",2,1,27,"0.0080701654570215","0",0.0139163454729401,0.001
"110",110,"equal-or-greater",2,1,20,"0.00898698541506788","0",0.010830595696413,0.001
"111",111,"equal-or-greater",2,3,18,"0.0069078022346663","0",0.015401917833095,0.001
"112",112,"equal-or-greater",2,3,16,"0.00667165708038314","0",0.00977656988930463,0.003
"113",113,"equal-or-greater",2,3,22,"0.00548290057010424","0",0.0128908739148499,0.001
"114",114,"equal-or-greater",2,3,16,"0.00646980687802914","0",0.000166385350237178,0.468
"115",115,"equal-or-greater",2,3,26,"0.0061751510813813","0",-0.00112472845413466,0.612
"116",116,"equal-or-greater",2,3,16,"0.00720091391596756","0",0.00515801290861261,0.079
"117",117,"equal-or-greater",2,3,18,"0.00510385262967769","0",0.0113590726561281,0.003
"118",118,"equal-or-greater",2,3,20,"0.00621148734458193","0",0.0142681283746124,0.002
"119",119,"equal-or-greater",2,3,20,"0.00622731008519862","0",0.00712013802781402,0.035
"120",120,"equal-or-greater",2,3,19,"0.00652064049070225","0",0.00211111052735922,0.279
"121",121,"equal-or-greater",2,6,20,"0.00287752191848419","0",0.00236004217477814,0.295
"122",122,"equal-or-greater",2,6,21,"0.0048070384461986","0",0.0103264972455161,0.006
"123",123,"equal-or-greater",2,6,21,"0.00383679214109215","0",0.0157035168993148,0.001
"124",124,"equal-or-greater",2,6,29,"0.00206132206810068","0",0.00799406935597392,0.037
"125",125,"equal-or-greater",2,6,21,"0.00301101956845817","0",0.00716606718998747,0.035
"126",126,"equal-or-greater",2,6,18,"0.0026816592896951","0",0.0101108954812985,0.01
"127",127,"equal-or-greater",2,6,21,"0.0042248572580359","0",-0.000984981016681534,0.607
"128",128,"equal-or-greater",2,6,26,"0.00356050230721761","0",0.00788526564177403,0.031
"129",129,"equal-or-greater",2,6,21,"0.00375247040849745","0",0.0131481174256823,0.001
"130",130,"equal-or-greater",2,6,19,"0.00322864197166296","0",-0.00250609823811404,0.746
"131",131,"equal-or-greater",2,9,20,"0.00400725141391771","0",-0.00262546232283214,0.769
"132",132,"equal-or-greater",2,9,24,"0.00221866560700689","0",0.0101645200358592,0.014
"133",133,"equal-or-greater",2,9,29,"0.00266906161007416","0",-0.00529101114394941,0.899
"134",134,"equal-or-greater",2,9,40,"0.00176784736067598","0",0.00545685536319444,0.09
"135",135,"equal-or-greater",2,9,27,"0.00152398988763198","0",0.01023479303131,0.008
"136",136,"equal-or-greater",2,9,27,"0.00299435058610803","0",0.0150995155966671,0.001
"137",137,"equal-or-greater",2,9,22,"0.00274942811672483","0",-0.00624070163223906,0.938
"138",138,"equal-or-greater",2,9,30,"0.00179093124067751","0",0.00400826159120331,0.169
"139",139,"equal-or-greater",2,9,22,"0.00101016497189971","1.18690945960509e-08",0.00290137243289554,0.236
"140",140,"equal-or-greater",2,9,19,"0.00290293540477856","0",-0.00834891971160201,0.984
"141",141,"equal-or-greater",2,12,23,"0.0017393271780957","0",0.00795208352326783,0.019
"142",142,"equal-or-greater",2,12,27,"0.000637241505938693","0.000152698760494507",0.00526048701573958,0.078
"143",143,"equal-or-greater",2,12,50,"0.00174995468950116","0",-0.00922852547084843,0.991
"144",144,"equal-or-greater",2,12,27,"0.00316606675454153","0",0.0152389781393638,0.001
"145",145,"equal-or-greater",2,12,28,"0.00168468235161176","0",0.0110728324918517,0.005
"146",146,"equal-or-greater",2,12,30,"0.00304712278470625","0",0.0110249039953592,0.001
"147",147,"equal-or-greater",2,12,22,"0.00195326934837425","0",0.00167917049808019,0.311
"148",148,"equal-or-greater",2,12,26,"0.00244413797840413","0",-0.00132465040789929,0.614
"149",149,"equal-or-greater",2,12,54,"0.00165377430801432","0",-0.00213341523017437,0.679
"150",150,"equal-or-greater",2,12,26,"0.00284567299119076","0",-0.000469106736487892,0.593
"151",151,"equal-or-greater",3,1,20,"0.00428796511076813","0",0.0121313047670822,0.001
"152",152,"equal-or-greater",3,1,19,"0.00591310709836193","0",0.0165612647777059,0.001
"153",153,"equal-or-greater",3,1,17,"0.00569994996919596","0",0.0190457981084535,0.001
"154",154,"equal-or-greater",3,1,17,"0.004138542297951","0",0.0160700702685256,0.001
"155",155,"equal-or-greater",3,1,19,"0.0053390338627014","0",0.0171024889937623,0.001
"156",156,"equal-or-greater",3,1,22,"0.00467676011151382","0",0.0138964141724268,0.001
"157",157,"equal-or-greater",3,1,17,"0.00493010749172384","0",0.0218540771002311,0.001
"158",158,"equal-or-greater",3,1,18,"0.00528481842888598","0",0.0114691533347206,0.001
"159",159,"equal-or-greater",3,1,17,"0.0043038505093345","0",0.0137580064374966,0.001
"160",160,"equal-or-greater",3,1,17,"0.00497746884536987","0",0.0159079806322076,0.001
"161",161,"equal-or-greater",3,3,13,"0.0029538573014664","0",0.0161426226594191,0.001
"162",162,"equal-or-greater",3,3,11,"0.00173349392428303","0",0.00789292655981384,0.013
"163",163,"equal-or-greater",3,3,10,"0.00250947035703573","0",-0.000349552431644522,0.512
"164",164,"equal-or-greater",3,3,12,"0.00321671690966291","0",-0.0151886035493319,1
"165",165,"equal-or-greater",3,3,11,"0.00250362630042276","0",-0.000762487386223664,0.577
"166",166,"equal-or-greater",3,3,11,"0.00196589789931583","0",0.00392252210164545,0.13
"167",167,"equal-or-greater",3,3,10,"0.00275022368065709","0",0.0132777652531797,0.001
"168",168,"equal-or-greater",3,3,11,"0.00262393751689066","0",0.0136297999854075,0.001
"169",169,"equal-or-greater",3,3,10,"0.00314514352977372","0",0.00156205356813242,0.306
"170",170,"equal-or-greater",3,3,10,"0.0038275754498491","0",0.0175514951353349,0.001
"171",171,"equal-or-greater",3,6,10,"0.000926676559219821","1.35501688314221e-07",0.000294247888960741,0.446
"172",172,"equal-or-greater",3,6,11,"0.00237083339141588","0",-0.00127578617269322,0.676
"173",173,"equal-or-greater",3,6,13,"0.00126912265874463","2.07012185171607e-12",-0.00105711890170492,0.618
"174",174,"equal-or-greater",3,6,14,"0.00219279854984222","0",-0.00881627490726547,0.995
"175",175,"equal-or-greater",3,6,11,"0.00172552211449651","0",-0.00180085739691299,0.696
"176",176,"equal-or-greater",3,6,12,"0.0011543760622525","1.18496545908897e-10",0.00195547163554226,0.289
"177",177,"equal-or-greater",3,6,12,"0.0016026229808371","0",-0.00267078571186444,0.77
"178",178,"equal-or-greater",3,6,12,"0.00166475488399296","0",0.0115159636795506,0.001
"179",179,"equal-or-greater",3,6,11,"0.0012360571727451","6.88471502030552e-12",0.00557269336416345,0.052
"180",180,"equal-or-greater",3,6,13,"0.0012198698954534","1.22843957228724e-11",4.74276857029071e-05,0.493
"181",181,"equal-or-greater",3,9,18,"0.000529708862813322","0.00122492835365073",0.00176675898164296,0.341
"182",182,"equal-or-greater",3,9,12,"0.000737032094975172","1.71237270087943e-05",-0.0033978590484925,0.826
"183",183,"equal-or-greater",3,9,11,"0.000860092037618962","8.23045119613397e-07",0.00963951040248818,0.001
"184",184,"equal-or-greater",3,9,18,"0.00122873270668417","8.94528895400981e-12",-0.0148834630827196,1
"185",185,"equal-or-greater",3,9,13,"0.000959121435839046","5.39081745909442e-08",0.00546986381756952,0.059
"186",186,"equal-or-greater",3,9,15,"0.00114366518316577","1.70708558400179e-10",-0.00250810875156181,0.767
"187",187,"equal-or-greater",3,9,19,"0.00119019389423953","3.47593065441743e-11",0.00835585378375842,0.014
"188",188,"equal-or-greater",3,9,13,"0.000556781549684405","0.000746299143146834",0.012558058161138,0.001
"189",189,"equal-or-greater",3,9,13,"0.000589869857488851","0.000396935229092676",0.00673912399782634,0.039
"190",190,"equal-or-greater",3,9,15,"0.00022463344761452","0.0955288252821505",0.000822697571997233,0.393
"191",191,"equal-or-greater",3,12,30,"0.00119214616286499","3.25284243984925e-11",-0.0114645708865223,1
"192",192,"equal-or-greater",3,12,17,"0.000955778768885692","5.9399614338318e-08",-0.0106851049522754,0.999
"193",193,"equal-or-greater",3,12,16,"0.000762083976454284","9.58488761626519e-06",0.0115592721230369,0.001
"194",194,"equal-or-greater",3,12,31,"0.00114929583794945","1.41780809315151e-10",0.0137179439372144,0.001
"195",195,"equal-or-greater",3,12,14,"0.00088570114237701","4.17106759131869e-07",0.00221839705261362,0.286
"196",196,"equal-or-greater",3,12,31,"0.000717013619016751","2.72807190508928e-05",0.0146335859859239,0.001
"197",197,"equal-or-greater",3,12,13,"0.000633464234641088","0.000165888656529445",0.0158773063079696,0.001
"198",198,"equal-or-greater",3,12,20,"0.000691239871345399","4.85018793641157e-05",-0.00786375289974596,0.991
"199",199,"equal-or-greater",3,12,15,"0.000815814603730144","2.57126053693213e-06",0.00525785732505509,0.07
"200",200,"equal-or-greater",3,12,13,"0.000209669392373662","0.111825362465776",0.0176012365809611,0.001
"201",201,"equal-or-greater",4,1,14,"0.002821898924709","0",0.0244011699981611,0.001
"202",202,"equal-or-greater",4,1,15,"0.00261459297149362","0",0.0277767317364727,0.001
"203",203,"equal-or-greater",4,1,15,"0.00285701944158148","0",0.0243269597997978,0.001
"204",204,"equal-or-greater",4,1,16,"0.00265471297558626","0",0.0256698239550983,0.001
"205",205,"equal-or-greater",4,1,19,"0.00382394144383351","0",0.0304394793151681,0.001
"206",206,"equal-or-greater",4,1,16,"0.00288470395646509","0",0.0232299697596372,0.001
"207",207,"equal-or-greater",4,1,20,"0.00355173546978218","0",0.0316571044426671,0.001
"208",208,"equal-or-greater",4,1,19,"0.00333438132808163","0",0.0211767393339989,0.001
"209",209,"equal-or-greater",4,1,17,"0.00318828123161092","0",0.0263110432759955,0.001
"210",210,"equal-or-greater",4,1,14,"0.00339400751755781","0",0.0306230157144814,0.001
"211",211,"equal-or-greater",4,3,8,"0.0024026795124737","0",0.0211593755441681,0.001
"212",212,"equal-or-greater",4,3,7,"0.00090754538106715","2.30392702471605e-07",0.0135137752053355,0.001
"213",213,"equal-or-greater",4,3,8,"0.000867650457714141","6.74658658716965e-07",0.0150679373666181,0.001
"214",214,"equal-or-greater",4,3,8,"0.000497683231342215","0.0021493198945568",0.0125385093907431,0.001
"215",215,"equal-or-greater",4,3,8,"0.000762907713122425","9.41289306011228e-06",0.0209404075790246,0.001
"216",216,"equal-or-greater",4,3,8,"0.000792021385332583","4.64876847749984e-06",0.015074914730183,0.001
"217",217,"equal-or-greater",4,3,7,"0.0011026987134362","6.62060850586954e-10",0.011829006346478,0.001
"218",218,"equal-or-greater",4,3,8,"0.000761622363433523","9.69612477064175e-06",0.0196890431453014,0.001
"219",219,"equal-or-greater",4,3,7,"0.000803794572489845","3.47904076569705e-06",0.0143810643826018,0.001
"220",220,"equal-or-greater",4,3,7,"0.000922742673085045","1.50884968963538e-07",0.0132538053828378,0.001
"221",221,"equal-or-greater",4,6,8,"0.000935345832956732","1.06277616263029e-07",0.0100368472391594,0.001
"222",222,"equal-or-greater",4,6,6,"0.00067450266504925","6.99813892655055e-05",0.00462197803762945,0.049
"223",223,"equal-or-greater",4,6,6,"0.000305540356328039","0.0373402685794788",0.00646790095870966,0.011
"224",224,"equal-or-greater",4,6,6,"0.000596936757651976","0.000345679633261708",0.00894371951996095,0.001
"225",225,"equal-or-greater",4,6,8,"0.000686021018270367","5.44885525695094e-05",0.0139278774925104,0.001
"226",226,"equal-or-greater",4,6,5,"0.0012239208332466","1.06779030062398e-11",0.0171753413034939,0.001
"227",227,"equal-or-greater",4,6,8,"0.000729507887793369","2.05479233015282e-05",0.00954242694627143,0.001
"228",228,"equal-or-greater",4,6,7,"0.000396544552080148","0.0107912925775779",0.00262123532000379,0.159
"229",229,"equal-or-greater",4,6,6,"0.000136221868615541","0.225168931690038",0.00490442980863979,0.037
"230",230,"equal-or-greater",4,6,6,"0.000144459998662633","0.209455981294443",0.00138310805067021,0.31
"231",231,"equal-or-greater",4,9,8,"0.000541947355032475","0.000981073363720109",0.0163460670337907,0.001
"232",232,"equal-or-greater",4,9,7,"0.000468695776980786","0.00350150520749004",-0.00641406485689483,0.985
"233",233,"equal-or-greater",4,9,7,"0.000376393220971013","0.0144496158098897",-0.00911634528305092,1
"234",234,"equal-or-greater",4,9,7,"9.65680051192318e-05","0.312863209927615",-0.00245891532089543,0.817
"235",235,"equal-or-greater",4,9,8,"0.000403467815410261","0.00973994751548668",0.00699572026984297,0.006
"236",236,"equal-or-greater",4,9,6,"0.000525268387873039","0.00132511046799189",0.00230544327455544,0.209
"237",237,"equal-or-greater",4,9,8,"0.000515440126746461","0.00157914427514094",0.00840187196212681,0.001
"238",238,"equal-or-greater",4,9,7,"0.000195938460658902","0.128657931569814",0.00487893034931096,0.04
"239",239,"equal-or-greater",4,9,6,"0.000134122308733852","0.229339114722402",0.00743823570605159,0.004
"240",240,"equal-or-greater",4,9,9,"0.000428822427471948","0.0066286756569558",0.00175330144404363,0.27
"241",241,"equal-or-greater",4,12,7,"-0.00023713548132743","0.48144312493831",0.00661112531738394,0.007
"242",242,"equal-or-greater",4,12,5,"-6.91701113972894e-05","0.87418212791105",-0.00189331080755572,0.774
"243",243,"equal-or-greater",4,12,6,"-0.000145293837577548","0.816141052604932",0.00353730686585447,0.085
"244",244,"equal-or-greater",4,12,7,"0.000395974529658288","0.0108845985156654",0.00268391740009706,0.153
"245",245,"equal-or-greater",4,12,7,"-0.000128246731331471","0.884731747417452",0.00108158129513565,0.345
"246",246,"equal-or-greater",4,12,8,"0.000566792029128923","0.000617846384577847",0.00188017342996592,0.268
"247",247,"equal-or-greater",4,12,10,"-0.00022131390995907","0.533408658293061",-0.00179219639702264,0.771
"248",248,"equal-or-greater",4,12,6,"-0.000285268191602351","0.341551587079083",0.00270352397755282,0.148
"249",249,"equal-or-greater",4,12,5,"-0.000228323382193622","0.510054336461996",-0.00493400815041276,0.97
"250",250,"equal-or-greater",4,12,5,"-0.000104289459254254","0.982471195469096",0.00166423270005494,0.232
"251",251,"equal",0,1,99,"0.0810669449208666","0",0.0627773978490531,0.001
"252",252,"equal",0,1,99,"0.0729629575235895","0",0.0519506374822129,0.001
"253",253,"equal",0,1,99,"0.0878834469256695","0",0.0189531532681332,0.001
"254",254,"equal",0,1,99,"0.119764308643673","0",0.0384933032697084,0.001
"255",255,"equal",0,1,99,"0.110099081378328","0",0.0931537728254272,0.001
"256",256,"equal",0,1,99,"0.103549384787027","0",0.0127984421017213,0.001
"257",257,"equal",0,1,99,"0.091928513612207","0",0.0418373342349747,0.001
"258",258,"equal",0,1,99,"0.0917287267739839","0",-0.000902475937825592,0.628
"259",259,"equal",0,1,99,"0.0990697883042142","0",0.0020541978100132,0.265
"260",260,"equal",0,1,99,"0.1206321678919","0",0.0614995969970801,0.001
"261",261,"equal",0,3,99,"0.151056800147843","0",0.0279427964656287,0.001
"262",262,"equal",0,3,99,"0.164367877463515","0",0.0383268207754657,0.001
"263",263,"equal",0,3,99,"0.158269598979539","0",0.0324966486795901,0.001
"264",264,"equal",0,3,99,"0.162183213338518","0",0.000946372780340298,0.404
"265",265,"equal",0,3,99,"0.177370105201067","0",0.0285152890435833,0.001
"266",266,"equal",0,3,99,"0.165947105749071","0",0.00157677482775361,0.35
"267",267,"equal",0,3,99,"0.189117029631871","0",0.0383824285845928,0.001
"268",268,"equal",0,3,99,"0.125011365995246","0",0.0565681891489924,0.001
"269",269,"equal",0,3,99,"0.204278886460684","0",0.0199517335833742,0.001
"270",270,"equal",0,3,99,"0.231302844659009","0",0.0156513901179765,0.001
"271",271,"equal",0,6,99,"0.282297984742788","0",0.0457547055247174,0.001
"272",272,"equal",0,6,93,"Error in if (obs <= ei) 2 * pv else 2 * (1 - pv) : 
  missing value where TRUE/FALSE needed
",NA,0.0346128680802323,0.001
"273",273,"equal",0,6,99,"0.339036152603995","0",0.0152019139689711,0.001
"274",274,"equal",0,6,99,"0.217829834305151","0",0.034238388636328,0.001
"275",275,"equal",0,6,99,"0.347757777884948","0",0.00900715032312876,0.011
"276",276,"equal",0,6,99,"0.225810580719703","0",0.00919193596741431,0.01
"277",277,"equal",0,6,99,"0.366686171487724","0",0.0284492176328548,0.001
"278",278,"equal",0,6,99,"0.154599164289397","0",-0.0091073222104896,0.986
"279",279,"equal",0,6,99,"0.359994316322649","0",0.0413404285647788,0.001
"280",280,"equal",0,6,99,"0.299718696185555","0",0.0252349318454053,0.001
"281",281,"equal",0,9,99,"0.347894487184008","0",0.0484867293282346,0.001
"282",282,"equal",0,9,99,"0.331199470608009","0",0.0329126823257559,0.001
"283",283,"equal",0,9,99,"0.309385454238399","0",0.0140243764012977,0.001
"284",284,"equal",0,9,84,"Error in if (obs <= ei) 2 * pv else 2 * (1 - pv) : 
  missing value where TRUE/FALSE needed
",NA,0.0527643677663107,0.001
"285",285,"equal",0,9,74,"Error in if (obs <= ei) 2 * pv else 2 * (1 - pv) : 
  missing value where TRUE/FALSE needed
",NA,0.0417829701555275,0.001
"286",286,"equal",0,9,99,"0.205847267959429","0",0.0380460140838466,0.001
"287",287,"equal",0,9,99,"0.122626530191202","0",-0.0137258099648888,1
"288",288,"equal",0,9,99,"0.232551627194723","0",0.0136624430375041,0.001
"289",289,"equal",0,9,68,"Error in if (obs <= ei) 2 * pv else 2 * (1 - pv) : 
  missing value where TRUE/FALSE needed
",NA,0.0134997227776041,0.001
"290",290,"equal",0,9,91,"Error in if (obs <= ei) 2 * pv else 2 * (1 - pv) : 
  missing value where TRUE/FALSE needed
",NA,0.0193687457781411,0.001
"291",291,"equal",0,12,99,"0.371639425810552","0",0.0149510698912078,0.001
"292",292,"equal",0,12,38,"Error in if (obs <= ei) 2 * pv else 2 * (1 - pv) : 
  missing value where TRUE/FALSE needed
",NA,0.0228162301938849,0.001
"293",293,"equal",0,12,35,"Error in if (obs <= ei) 2 * pv else 2 * (1 - pv) : 
  missing value where TRUE/FALSE needed
",NA,0.0023051763018256,0.312
"294",294,"equal",0,12,47,"Error in if (obs <= ei) 2 * pv else 2 * (1 - pv) : 
  missing value where TRUE/FALSE needed
",NA,0.0236858442384687,0.001
"295",295,"equal",0,12,35,"Error in if (obs <= ei) 2 * pv else 2 * (1 - pv) : 
  missing value where TRUE/FALSE needed
",NA,0.0183926131928667,0.001
"296",296,"equal",0,12,75,"Error in if (obs <= ei) 2 * pv else 2 * (1 - pv) : 
  missing value where TRUE/FALSE needed
",NA,-0.0020395505157644,0.687
"297",297,"equal",0,12,99,"0.132124512886266","0",0.0440262565683987,0.001
"298",298,"equal",0,12,39,"Error in if (obs <= ei) 2 * pv else 2 * (1 - pv) : 
  missing value where TRUE/FALSE needed
",NA,0.00854918163296532,0.031
"299",299,"equal",0,12,52,"Error in if (obs <= ei) 2 * pv else 2 * (1 - pv) : 
  missing value where TRUE/FALSE needed
",NA,0.0568423089188696,0.001
"300",300,"equal",0,12,74,"Error in if (obs <= ei) 2 * pv else 2 * (1 - pv) : 
  missing value where TRUE/FALSE needed
",NA,0.0224044002650427,0.001
"301",301,"equal",1,1,35,"0.0206503884072137","0",0.0015412882322386,0.311
"302",302,"equal",1,1,36,"0.0171244658350767","0",0.0101220420767975,0.002
"303",303,"equal",1,1,27,"0.0185071053646102","0",0.00819515484077393,0.003
"304",304,"equal",1,1,43,"0.0184175979134909","0",0.00530293438436885,0.043
"305",305,"equal",1,1,35,"0.0204379280208593","0",0.00634183770014761,0.029
"306",306,"equal",1,1,30,"0.0168190941717659","0",0.00685450543951525,0.023
"307",307,"equal",1,1,48,"0.0175103148601681","0",0.0187949457879593,0.001
"308",308,"equal",1,1,47,"0.0178317534854542","0",0.00354790968884064,0.141
"309",309,"equal",1,1,39,"0.0187544671105618","0",-0.000466736411582364,0.587
"310",310,"equal",1,1,35,"0.0191257794699697","0",-0.00775809468273034,0.993
"311",311,"equal",1,3,35,"0.0360596389775155","0",0.000225285677154436,0.452
"312",312,"equal",1,3,37,"0.0352209715976612","0",0.0167933994229023,0.001
"313",313,"equal",1,3,47,"0.0375219402641728","0",0.00747749010560961,0.029
"314",314,"equal",1,3,45,"0.0335215199016825","0",0.00602919624260321,0.062
"315",315,"equal",1,3,37,"0.0333153100956258","0",0.00696349367188279,0.058
"316",316,"equal",1,3,40,"0.035709863357952","0",0.00200716176204839,0.297
"317",317,"equal",1,3,41,"0.0351418721879615","0",0.0208284480220727,0.001
"318",318,"equal",1,3,37,"0.0354691476686192","0",-0.0030198053203349,0.793
"319",319,"equal",1,3,35,"0.0432830943871493","0",0.0053019584947043,0.096
"320",320,"equal",1,3,41,"0.0388715017219273","0",0.0126733953020749,0.002
"321",321,"equal",1,6,43,"0.064013568396282","0",0.00261310969988349,0.254
"322",322,"equal",1,6,44,"0.0327592489327545","0",0.00208802848889255,0.296
"323",323,"equal",1,6,39,"0.0349070870033461","0",0.0161744215371011,0.001
"324",324,"equal",1,6,40,"0.0405143779933748","0",0.00742322112354863,0.031
"325",325,"equal",1,6,53,"0.0401760241306513","0",-0.00740727645009751,0.965
"326",326,"equal",1,6,48,"0.0328528461331263","0",0.013921259478654,0.003
"327",327,"equal",1,6,41,"0.0287033751194468","0",0.00717553156349123,0.054
"328",328,"equal",1,6,35,"0.0405994389606111","0",0.014022840295701,0.002
"329",329,"equal",1,6,50,"0.0273665210950295","0",0.00641875542500898,0.058
"330",330,"equal",1,6,42,"0.0295691412809689","0",-0.00695317586350978,0.949
"331",331,"equal",1,9,38,"0.0385892890542612","0",0.0193957841695531,0.001
"332",332,"equal",1,9,43,"0.0413213913708656","0",0.00891803692217745,0.022
"333",333,"equal",1,9,46,"0.0251259208046962","0",-0.000616801273618811,0.548
"334",334,"equal",1,9,43,"0.0292182229537921","0",-0.000137803464093081,0.537
"335",335,"equal",1,9,37,"0.0445968562584986","0",0.00448203933669751,0.147
"336",336,"equal",1,9,36,"0.0229961434830217","0",0.0124946801588785,0.002
"337",337,"equal",1,9,44,"0.0497837466758003","0",0.0039626687670441,0.16
"338",338,"equal",1,9,47,"0.0335495553718219","0",0.00734317202734425,0.035
"339",339,"equal",1,9,46,"0.0340592405499026","0",-0.00375361676765733,0.804
"340",340,"equal",1,9,43,"0.0401108287319251","0",0.0147187767968729,0.001
"341",341,"equal",1,12,42,"0.0272372858140721","0",0.00220138674292334,0.283
"342",342,"equal",1,12,38,"0.0253979251862894","0",0.00912747499131681,0.021
"343",343,"equal",1,12,46,"0.016702572030166","0",0.00198622536076827,0.322
"344",344,"equal",1,12,35,"0.0278901397398722","0",-0.00237292440239701,0.723
"345",345,"equal",1,12,35,"0.0363531397454326","0",-0.01410123604237,1
"346",346,"equal",1,12,47,"0.0270500868700728","0",0.00220021123019239,0.295
"347",347,"equal",1,12,41,"0.033328076131213","0",0.0182471523592048,0.001
"348",348,"equal",1,12,54,"0.028423602480753","0",0.0118610500324738,0.002
"349",349,"equal",1,12,39,"0.0203773444431237","0",0.00579097115946478,0.091
"350",350,"equal",1,12,36,"0.024078356518027","0",-0.00213910904047588,0.694
"351",351,"equal",2,1,42,"0.0134753158750088","0",0.0025893580647414,0.174
"352",352,"equal",2,1,31,"0.012470782228702","0",-0.00186723020967226,0.736
"353",353,"equal",2,1,38,"0.0114460199219417","0",0.00504837939355517,0.046
"354",354,"equal",2,1,36,"0.0112910064552669","0",0.00944866141237413,0.001
"355",355,"equal",2,1,32,"0.0129951990738683","0",0.00752600443734925,0.012
"356",356,"equal",2,1,34,"0.0115322251535648","0",0.0053559158516988,0.038
"357",357,"equal",2,1,32,"0.0113616099687376","0",0.00327058732343382,0.137
"358",358,"equal",2,1,36,"0.0151797694133457","0",0.00883370972928882,0.003
"359",359,"equal",2,1,32,"0.0115359974145477","0",0.00854237119064066,0.005
"360",360,"equal",2,1,32,"0.0108843367967424","0",0.00840512139561026,0.002
"361",361,"equal",2,3,42,"0.0143410486736591","0",0.0112189903332756,0.002
"362",362,"equal",2,3,39,"0.0113718644195349","0",-5.46456259445662e-05,0.498
"363",363,"equal",2,3,51,"0.0140721651061523","0",0.004753148081967,0.1
"364",364,"equal",2,3,33,"0.0118120183629868","0",0.000866375904116275,0.378
"365",365,"equal",2,3,38,"0.0110372871681373","0",-0.00265329179875439,0.758
"366",366,"equal",2,3,46,"0.0142014902330858","0",-0.00203467100854967,0.717
"367",367,"equal",2,3,37,"0.0155974347259829","0",-0.00440404490834858,0.883
"368",368,"equal",2,3,45,"0.0103887668812442","0",0.000601045553863838,0.417
"369",369,"equal",2,3,43,"0.014674913784397","0",0.00908437668468598,0.01
"370",370,"equal",2,3,36,"0.0141938323997312","0",-0.00266229800305939,0.791
"371",371,"equal",2,6,56,"0.0111643042569402","0",0.0057303231606266,0.065
"372",372,"equal",2,6,34,"0.0099600709687153","0",0.00697882181122001,0.039
"373",373,"equal",2,6,41,"0.0101127505982154","0",0.00627654400505383,0.051
"374",374,"equal",2,6,52,"0.0124239483128321","0",0.00526843310251178,0.082
"375",375,"equal",2,6,34,"0.0102225303322501","0",0.00145244738122862,0.348
"376",376,"equal",2,6,42,"0.0108328666407186","0",0.0104294193072734,0.006
"377",377,"equal",2,6,43,"0.0116045116849635","0",0.000564330094817903,0.448
"378",378,"equal",2,6,39,"0.0126168012547567","0",-0.00341615934057243,0.814
"379",379,"equal",2,6,40,"0.00896057923880746","0",-0.0007137621733872,0.57
"380",380,"equal",2,6,45,"0.0106147221332542","0",0.0097772943788774,0.008
"381",381,"equal",2,9,37,"0.0113923454591356","0",0.00809972960001172,0.018
"382",382,"equal",2,9,44,"0.00989940080456576","0",-0.00122792883107155,0.652
"383",383,"equal",2,9,53,"0.0095681152920534","0",-0.00929783058814532,0.989
"384",384,"equal",2,9,48,"0.00697192115133952","0",-0.00204430181552298,0.684
"385",385,"equal",2,9,45,"0.0112985607358556","0",-0.0021506019258392,0.698
"386",386,"equal",2,9,37,"0.0120677982253521","0",-0.00769140047109955,0.978
"387",387,"equal",2,9,38,"0.0118617937105986","0",0.00099191807128188,0.428
"388",388,"equal",2,9,47,"0.0136589388584254","0",-0.00185828122667808,0.691
"389",389,"equal",2,9,41,"0.0104154081651343","0",-0.00257967770133778,0.755
"390",390,"equal",2,9,40,"0.0122107319907725","0",0.00143174246081097,0.366
"391",391,"equal",2,12,51,"0.00360314201285343","0",-0.00212737560847198,0.718
"392",392,"equal",2,12,40,"0.00221227718298512","0",-0.00818104137395579,0.984
"393",393,"equal",2,12,48,"0.0108130601025965","0",-0.0017877599337218,0.686
"394",394,"equal",2,12,41,"0.00840992030955279","0",-0.000950463699663556,0.59
"395",395,"equal",2,12,45,"0.00904271114193354","0",0.00111059772783451,0.369
"396",396,"equal",2,12,43,"0.0011612399360919","9.62290247485953e-11",0.00487862368803319,0.112
"397",397,"equal",2,12,44,"0.0069221296270034","0",0.00178340877611396,0.327
"398",398,"equal",2,12,40,"0.00752274795270358","0",-0.00428609199261753,0.867
"399",399,"equal",2,12,40,"-0.000170904288995159","0.71598528074115",-0.00195864755039228,0.69
"400",400,"equal",2,12,42,"0.00451061416749441","0",-0.00285407822546648,0.778
"401",401,"equal",3,1,33,"0.00711642250331623","0",0.0128908351436831,0.001
"402",402,"equal",3,1,27,"0.00747180145600263","0",0.0202574282844865,0.001
"403",403,"equal",3,1,36,"0.00666071535701244","0",0.0164803155040896,0.001
"404",404,"equal",3,1,45,"0.00688168123752793","0",0.0181423160134971,0.001
"405",405,"equal",3,1,31,"0.00637400722271075","0",0.0187241278105538,0.001
"406",406,"equal",3,1,38,"0.00671254481464154","0",0.0146788137221586,0.001
"407",407,"equal",3,1,38,"0.00718881039959147","0",0.0186615683126508,0.001
"408",408,"equal",3,1,39,"0.00621755208881748","0",0.0117342012408227,0.001
"409",409,"equal",3,1,29,"0.00665167865737623","0",0.0142316206131198,0.001
"410",410,"equal",3,1,35,"0.00699651810072987","0",0.0228788571429258,0.001
"411",411,"equal",3,3,53,"0.0070274924643585","0",0.00356209513425232,0.147
"412",412,"equal",3,3,39,"0.00573030558833227","0",0.00682926392959092,0.017
"413",413,"equal",3,3,35,"0.00678735440890608","0",0.00483463946485008,0.07
"414",414,"equal",3,3,32,"0.0055619795346093","0",-0.00573779565989504,0.968
"415",415,"equal",3,3,36,"0.00648604684412545","0",0.00867449841064745,0.006
"416",416,"equal",3,3,53,"0.00462175036465511","0",-0.00341675084942456,0.842
"417",417,"equal",3,3,37,"0.00420172009817751","0",0.0040822518209461,0.105
"418",418,"equal",3,3,49,"0.00499678539327113","0",0.000258983665964523,0.457
"419",419,"equal",3,3,63,"0.00636699745360756","0",0.00317407782384423,0.151
"420",420,"equal",3,3,44,"0.00614406043249677","0",0.00931966956893934,0.003
"421",421,"equal",3,6,46,"0.00360875486316624","0",0.00941492269782711,0.002
"422",422,"equal",3,6,36,"0.00261739567573268","0",0.00774870084281102,0.007
"423",423,"equal",3,6,43,"0.00413684273610268","0",-0.0146039281322924,1
"424",424,"equal",3,6,52,"0.00339537759807856","0",-0.00332425660667437,0.836
"425",425,"equal",3,6,41,"0.00255003589739397","0",0.0105647029256946,0.002
"426",426,"equal",3,6,48,"0.00263520061536514","0",-0.00140630503828047,0.653
"427",427,"equal",3,6,33,"0.00295227990407978","0",0.00253819327984614,0.229
"428",428,"equal",3,6,38,"0.00227878273822208","0",-0.00435333321659089,0.894
"429",429,"equal",3,6,51,"0.00351683364372684","0",0.0044072701632009,0.116
"430",430,"equal",3,6,33,"0.00398066763151418","0",0.00610231070758802,0.026
"431",431,"equal",3,9,35,"0.000299271610610366","0.0404497719835937",0.0049023233358474,0.087
"432",432,"equal",3,9,42,"0.00137946830742951","3.13082892944294e-14",-0.00139451731323162,0.675
"433",433,"equal",3,9,42,"0.00407843068984183","0",-0.00207184769540025,0.731
"434",434,"equal",3,9,53,"0.00168894518423603","0",0.00275295344681264,0.216
"435",435,"equal",3,9,47,"0.00144019270211041","2.66453525910038e-15",0.00406087547385479,0.143
"436",436,"equal",3,9,43,"0.00147551841881749","6.66133814775094e-16",-0.00702983849027716,0.978
"437",437,"equal",3,9,39,"0.00163729733992114","0",-1.91032419437674e-05,0.507
"438",438,"equal",3,9,52,"0.00159429248117832","0",0.00868452787553944,0.005
"439",439,"equal",3,9,43,"0.000115885130158515","0.267869766855996",0.000418042848739517,0.465
"440",440,"equal",3,9,44,"0.00288648437065024","0",-0.00743213188156965,0.988
"441",441,"equal",3,12,47,"0.000638769763896287","0.000149775145127595",0.00224070065676119,0.255
"442",442,"equal",3,12,63,"7.20900708143499e-05","0.377115551533498",-0.000708314573908844,0.566
"443",443,"equal",3,12,46,"0.00101158143025429","1.16533453997647e-08",0.00726354317452529,0.019
"444",444,"equal",3,12,42,"0.000690848456228833","4.9345122910216e-05",0.00354783107436536,0.154
"445",445,"equal",3,12,46,"0.000234273722738643","0.0862435632374281",0.0088388634527602,0.007
"446",446,"equal",3,12,31,"0.000913862385684044","1.95853595341688e-07",0.00360478357379068,0.139
"447",447,"equal",3,12,47,"0.000336881215202972","0.0249524589805699",0.0101846728735631,0.003
"448",448,"equal",3,12,42,"3.93430021698074e-05","0.474507827563827",0.00395359403314661,0.117
"449",449,"equal",3,12,42,"0.00200156300466426","0",0.00463429527414434,0.085
"450",450,"equal",3,12,36,"0.000192982157913758","0.132672924770794",0.00479225594742183,0.078
"451",451,"equal",4,1,39,"0.00483163240059426","0",0.0297120847170066,0.001
"452",452,"equal",4,1,29,"0.00454906827200706","0",0.0244943516281477,0.001
"453",453,"equal",4,1,35,"0.00437106779557826","0",0.0253068877833636,0.001
"454",454,"equal",4,1,31,"0.00392495451718105","0",0.0286986814555599,0.001
"455",455,"equal",4,1,32,"0.00445776422182498","0",0.0279093591093514,0.001
"456",456,"equal",4,1,37,"0.00440501901974076","0",0.0177521895401915,0.001
"457",457,"equal",4,1,31,"0.00391808566654719","0",0.0255905607435786,0.001
"458",458,"equal",4,1,36,"0.00533492290119655","0",0.0232433956194821,0.001
"459",459,"equal",4,1,33,"0.00435227425289585","0",0.0297901896417077,0.001
"460",460,"equal",4,1,31,"0.00485324765943673","0",0.022864487305074,0.001
"461",461,"equal",4,3,38,"0.0028751913614614","0",0.0239335867864871,0.001
"462",462,"equal",4,3,34,"0.00234470438196552","0",0.0134102192817205,0.001
"463",463,"equal",4,3,39,"0.0024410288907805","0",0.0126080456760157,0.001
"464",464,"equal",4,3,35,"0.00238887335212155","0",0.0157750802483542,0.001
"465",465,"equal",4,3,36,"0.00254495919722548","0",0.0128258766462924,0.001
"466",466,"equal",4,3,39,"0.00225590450470927","0",0.0155299304413517,0.001
"467",467,"equal",4,3,39,"0.00336222710862017","0",0.0180754880549901,0.001
"468",468,"equal",4,3,32,"0.00243678540355864","0",0.0177484514617968,0.001
"469",469,"equal",4,3,35,"0.00264981559165594","0",0.0212179678952258,0.001
"470",470,"equal",4,3,44,"0.00225353761553973","0",0.0165473623044799,0.001
"471",471,"equal",4,6,60,"0.00101571787588518","1.02818529246207e-08",0.00841228735375649,0.001
"472",472,"equal",4,6,37,"0.000965046408494372","4.60400464419308e-08",0.0126364797788316,0.001
"473",473,"equal",4,6,35,"0.00134450272932986","1.23234755733392e-13",0.00736287500539988,0.006
"474",474,"equal",4,6,36,"0.00063226409575687","0.000171214675149134",0.00728954590312366,0.004
"475",475,"equal",4,6,41,"0.000433678590718916","0.00616384119547586",0.00340050287854702,0.11
"476",476,"equal",4,6,60,"0.00125344607381835","3.75632858151675e-12",0.0129410778578248,0.001
"477",477,"equal",4,6,43,"0.0011912640644824","3.42734729485983e-11",0.00597002145934532,0.013
"478",478,"equal",4,6,41,"0.00158070786192517","0",0.0164858687403972,0.001
"479",479,"equal",4,6,57,"0.00221073052551614","0",0.00781551840048751,0.004
"480",480,"equal",4,6,43,"0.000630831823988724","0.000176312864438755",0.010054875404513,0.001
"481",481,"equal",4,9,41,"0.000480934946733965","0.00286886154822619",-0.000889486757716471,0.626
"482",482,"equal",4,9,39,"0.000749739489145112","1.29484053472684e-05",-0.0106658388648542,1
"483",483,"equal",4,9,37,"0.000308392623452006","0.0360864351743639",0.00486102593879151,0.035
"484",484,"equal",4,9,36,"0.000270293337465109","0.0573774240710374",0.00482812506108432,0.045
"485",485,"equal",4,9,43,"0.000617142689474382","0.000232795057615309",0.00751890020095393,0.002
"486",486,"equal",4,9,33,"0.000667008419971384","8.27158600704703e-05",0.00102935486961386,0.37
"487",487,"equal",4,9,37,"0.000152472038990311","0.195059179923291",0.00417875824079644,0.066
"488",488,"equal",4,9,32,"0.000278606302658441","0.0520056327477976",0.00433519138831187,0.044
"489",489,"equal",4,9,39,"0.000572876849017676","0.000553764040296612",0.00537132533390603,0.02
"490",490,"equal",4,9,36,"0.000196114667297798","0.128578104919338",0.00493025844654078,0.041
"491",491,"equal",4,12,49,"-2.16320466509969e-05","0.687507075446933",-0.000169330239571729,0.514
"492",492,"equal",4,12,49,"-0.000214093387564755","0.558222125805152",0.0071009241217193,0.005
"493",493,"equal",4,12,38,"-9.69569595296507e-05","0.987498930770736",0.00121211810344439,0.317
"494",494,"equal",4,12,61,"-0.000136378128145513","0.851940103357299",0.00103588970294939,0.377
"495",495,"equal",4,12,44,"-5.57327553721031e-05","0.820242011295611",-0.000505967966999485,0.58
"496",496,"equal",4,12,39,"0.000952371324049006","6.63090766739316e-08",-0.0028708559326552,0.861
"497",497,"equal",4,12,40,"0.000692100801754844","4.79983592509559e-05",0.00457991237068194,0.05
"498",498,"equal",4,12,51,"0.000206863680304096","0.115280476986035",0.0030355125682236,0.126
"499",499,"equal",4,12,34,"-0.000272580759420911","0.375808503596771",0.00123410143609887,0.328
"500",500,"equal",4,12,44,"0.000490558035149263","0.00243878649641216",0.00671029738845722,0.01
